[
	{   "id":1,
		"date":"2018-09-24 11:54",
		"type":1,
		"sum":"28.91",
		"item":"Audio-Technica ATH-M50x Professional Studio Monitor Headphones, Black",
		"number":14},
	{"id":2,"date":"2018-09-23 00:16","type":1,"sum":"766.40","item":"Radio Flyer Classic Walker WAGON","number":11},
	{"id":3,"date":"2018-09-22 19:10","type":1,"sum":"142.34","item":"EnMotion Compatible High Capacity Paper Towels, 10'' x 800' Roll, White, (6 Rolls of approx. 800')","number":28},
	{"id":4,"date":"2018-09-21 20:09","type":1,"sum":"53.84","item":"The Flame of Olympus (Pegasus Book 1)","number":38},
	{"id":5,"date":"2018-09-20 06:19","type":1,"sum":"120.77","item":"Jovi Plastilina Reusable and Non-Drying Modeling Clay; 1.75 oz. Bars, Set of 30, 2 Each of 15 Colors, Perfect for Arts and Crafts Projects","number":12},
	{"id":6,"date":"2018-09-19 14:36","type":1,"sum":"239.87","item":"Joy-Leo Gift Edition Multi-Function Portable Fingernail Clippers (5-in-1) for Travel, with Black Gift Box and Key Ring","number":5},
	{"id":7,"date":"2018-09-18 12:26","type":1,"sum":"104.15","item":"Coca Cola Coke Soda Can Diversion Stash Safe Model: Office Supply Store by Office Supply Store","number":39},
	{"id":8,"date":"2018-09-17 18:22","type":0,"sum":"147.55","item":"PetSpy Premium Dog Training Shock Collar for Dogs with Vibration, Shock and Beep, Rechargeable and Waterproof E-Collar","number":23},
	{"id":9,"date":"2018-09-16 05:43","type":0,"sum":"53.17","item":"LERDU Ladies Gift Idea Cashmere Pashmina Scarf Fashion Warm Wool Wrap Shawl Winter Stole for Women","number":3},
	{"id":10,"date":"2018-09-15 02:18","type":1,"sum":"148.80","item":"Craft and Party Polyester Tablecloth 90'' Round (Ivory)","number":45},
	{"id":11,"date":"2018-09-14 21:09","type":1,"sum":"362.92","item":"Slim Money Clip Wallet EDC Front Pocket Card Holder Minimalist RFID Sleeve Wallet","number":29},
	{"id":12,"date":"2018-09-13 05:50","type":1,"sum":"99.15","item":"Novelty Funny Art Crew Socks for Men Colorful Cute Animal Crazy Food Cotton Dress Socks","number":16},
	{"id":13,"date":"2018-09-12 19:08","type":1,"sum":"21.86","item":"Tide PODS 3 in 1 HE Turbo Laundry Detergent Pacs, Spring Meadow Scent, 81 Count Tub - Packaging May Vary","number":7},
	{"id":14,"date":"2018-09-11 13:20","type":0,"sum":"245.31","item":"Burberry Mr Burberry Eau De Parfum, 1.7 Fl. oz.","number":17},
	{"id":15,"date":"2018-09-10 14:13","type":0,"sum":"240.74","item":"Brooch Greeting Card-Sister w/Flower Pin (Card is 4.5 x 3.5 Pin 1'')","number":4},
	{"id":16,"date":"2018-09-9 14:26","type":0,"sum":"230.92","item":"Tru Beauty Titanium Flat Iron, Professional Hair Straightener, 1 Inch Iron Plates, Adjustable Temperature Control, Straightens and Curls","number":36},
	{"id":17,"date":"2018-09-8 22:31","type":1,"sum":"215.49","item":"Rivet Modern Hand-Woven Stripe Fringe Throw Blanket, 50'' x 60'', Charcoal","number":43},
	{"id":18,"date":"2018-09-7 17:03","type":1,"sum":"377.78","item":"Guinness Gravity Pint Glass (2 Pack)","number":24},
	{"id":19,"date":"2018-09-6 03:00","type":0,"sum":"76.83","item":"Amazon Cloud Cam Security Camera, Works with Alexa","number":27},
	{"id":20,"date":"2018-09-5 11:27","type":1,"sum":"73.61","item":"Cinder Block Gardens","number":37},
	{"id":21,"date":"2018-09-4 16:17","type":1,"sum":"394.43","item":"Round Ireland with a Fridge","number":46},
	{"id":22,"date":"2018-09-3 21:18","type":1,"sum":"116.06","item":"Beautify Beauties Detangling Hair Brush Classic Metallic Best Hair Brush for Women, Men and Children, Black","number":20},
	{"id":23,"date":"2018-09-2 11:16","type":1,"sum":"174.18","item":"J&L Glasses Retro Flip-Up Round Goggles Seampunk Sunglasses","number":1},
	{"id":24,"date":"2018-09-1 03:02","type":1,"sum":"70.10","item":"How To Tie!! Hair Wing Flies","number":41},
	{"id":25,"date":"2018-08-30 15:02","type":0,"sum":"234.26","item":"The Art of Hoodoo Candle Magic in Rootwork, Conjure, and Spiritual Church Services","number":40},
	{"id":26,"date":"2018-08-29 03:07","type":1,"sum":"19.48","item":"Complete Care for Your Aging Cat","number":8},
	{"id":27,"date":"2018-08-28 10:11","type":1,"sum":"269.31","item":"It's Not About the Broccoli: Three Habits to Teach Your Kids for a Lifetime of Healthy Eating","number":13},
	{"id":28,"date":"2018-08-27 04:12","type":1,"sum":"88.95","item":"My First Shoe Book: With a Practice Shoelace and Easy-to-Follow Instructions (Tiny Tots)","number":2},
	{"id":29,"date":"2018-08-26 20:12","type":0,"sum":"239.91","item":"Exquisite Bowknot Bridal Lace Gloves","number":21},
	{"id":30,"date":"2018-08-25 16:03","type":1,"sum":"237.75","item":"The UX Book: Process and Guidelines for Ensuring a Quality User Experience","number":19},
	{"id":31,"date":"2018-08-24 06:12","type":1,"sum":"55.54","item":"Square Aviator Flat Top Oversized Huge Large Big Frame Women Sunglasses","number":22},
	{"id":32,"date":"2018-08-23 22:19","type":1,"sum":"147.53","item":"Harperton Nail Clipper Set - Fingernail and Toenail Clipper","number":31},
	{"id":33,"date":"2018-08-22 06:14","type":0,"sum":"85.72","item":"CoolToys Custom Take-A-Part Car Playset – Race Car with Electric Play Drill and Car Modification Pieces","number":42},
	{"id":34,"date":"2018-08-21 05:42","type":1,"sum":"304.44","item":"Helmets and Lipstick: An Army Nurse in World War Two","number":33},
	{"id":35,"date":"2018-08-20 09:58","type":1,"sum":"345.00","item":"Rising Out of Hatred: The Awakening of a Former White Nationalist","number":44},
	{"id":36,"date":"2018-08-19 13:15","type":0,"sum":"302.30","item":"Book of Sticky Notes: Stuff I Need to Do - Brights","number":32},
	{"id":37,"date":"2018-08-18 16:13","type":1,"sum":"353.53","item":"Rubber Band Engineer: Build Slingshot Powered Rockets, Rubber Band Rifles, Unconventional Catapults, and More Guerrilla Gadgets from Household Hardware","number":15},
	{"id":38,"date":"2018-08-17 17:47","type":1,"sum":"403.06","item":"Take Three Colours: Watercolour Seascapes: Start to paint with 3 colours, 3 brushes and 9 easy projects","number":18},
	{"id":39,"date":"2018-08-16 03:21","type":0,"sum":"362.00","item":"Knits for kids and teddies too","number":9},
	{"id":40,"date":"2018-08-15 06:46","type":1,"sum":"159.14","item":"Tilly and the Buttons: Stretch!: Make Yourself Comfortable Sewing with Knit Fabrics","number":50},
	{"id":41,"date":"2018-08-14 02:29","type":1,"sum":"187.06","item":"Dress-to-Impress Knitted Boot Cuffs & Leg Warmers: 25 Fun to Wear Designs","number":25},
	{"id":42,"date":"2018-08-13 12:54","type":0,"sum":"342.59","item":"A Pair of Silk Stockings and Other Short Stories (Dover Thrift Editions)","number":34},
	{"id":43,"date":"2018-08-12 14:11","type":1,"sum":"226.73","item":"Sheiner's Floor Cleaner Concentrate, All Purpose Household Cleaning Solution and Multi Surface Mopping Liquid, Lavender Scent","number":6},
	{"id":44,"date":"2018-08-11 03:12","type":1,"sum":"393.77","item":"Selner Medical Solutions ClearNail Pro + Toenail and Fingernail Restorer 0.33 fl. oz.","number":49},
	{"id":45,"date":"2018-08-10 00:55","type":1,"sum":"27.02","item":"WinZo WZ5059 Dual Cyclone Elongated ADA One Piece Toilet with Soft Closing Seat, Comfort Height, Water Sense","number":26},
	{"id":46,"date":"2018-08-09 05:47","type":1,"sum":"128.66","item":"Pack of 15 - Stainless Steel Extra-Fine 6.7 Inches Hard to Bend Table Teaspoon with Scalloped Edge","number":30},
	{"id":47,"date":"2018-08-08 04:16","type":1,"sum":"344.84","item":"RPJC 11x14 inch Picture Frames Made of Solid Wood and High Definition Glass Display Pictures 8x10 with Mat","number":48},
	{"id":48,"date":"2018-08-07 02:42","type":1,"sum":"133.55","item":"Atomi Desktop USB/Charge Outlet Surge Protector, Silver","number":47},
	{"id":49,"date":"2018-08-06 02:57","type":1,"sum":"187.92","item":"The Monitor: Civil War Battleship, Level 4","number":10},
	{"id":50,"date":"2018-08-05 20:20","type":1,"sum":"288.01","item":"The Cookie Jar (Memories in the Making Series)","number":35},
	{"id":51,"date":"2018-07-24 11:54","type":1,"sum":"28.91","item":"Audio-Technica ATH-M50x Professional Studio Monitor Headphones, Black","number":14},
	{"id":52,"date":"2018-07-23 00:16","type":1,"sum":"766.40","item":"Radio Flyer Classic Walker WAGON","number":11},
	{"id":53,"date":"2018-07-22 19:10","type":1,"sum":"142.34","item":"EnMotion Compatible High Capacity Paper Towels, 10'' x 800' Roll, White, (6 Rolls of approx. 800')","number":28},
	{"id":54,"date":"2018-07-21 20:09","type":1,"sum":"53.84","item":"The Flame of Olympus (Pegasus Book 1)","number":38},
	{"id":55,"date":"2018-07-20 06:19","type":1,"sum":"120.77","item":"Jovi Plastilina Reusable and Non-Drying Modeling Clay; 1.75 oz. Bars, Set of 30, 2 Each of 15 Colors, Perfect for Arts and Crafts Projects","number":12},
	{"id":56,"date":"2018-07-19 14:36","type":1,"sum":"239.87","item":"Joy-Leo Gift Edition Multi-Function Portable Fingernail Clippers (5-in-1) for Travel, with Black Gift Box and Key Ring","number":5},
	{"id":57,"date":"2018-07-18 12:26","type":1,"sum":"104.15","item":"Coca Cola Coke Soda Can Diversion Stash Safe Model: Office Supply Store by Office Supply Store","number":39},
	{"id":58,"date":"2018-07-17 18:22","type":0,"sum":"147.55","item":"PetSpy Premium Dog Training Shock Collar for Dogs with Vibration, Shock and Beep, Rechargeable and Waterproof E-Collar","number":23},
	{"id":59,"date":"2018-07-16 05:43","type":0,"sum":"53.17","item":"LERDU Ladies Gift Idea Cashmere Pashmina Scarf Fashion Warm Wool Wrap Shawl Winter Stole for Women","number":3},
	{"id":60,"date":"2018-07-15 02:18","type":1,"sum":"148.80","item":"Craft and Party Polyester Tablecloth 90'' Round (Ivory)","number":45},
	{"id":61,"date":"2018-07-14 21:09","type":1,"sum":"362.92","item":"Slim Money Clip Wallet EDC Front Pocket Card Holder Minimalist RFID Sleeve Wallet","number":29},
	{"id":62,"date":"2018-07-13 05:50","type":1,"sum":"99.15","item":"Novelty Funny Art Crew Socks for Men Colorful Cute Animal Crazy Food Cotton Dress Socks","number":16},
	{"id":63,"date":"2018-07-12 19:08","type":1,"sum":"21.86","item":"Tide PODS 3 in 1 HE Turbo Laundry Detergent Pacs, Spring Meadow Scent, 81 Count Tub - Packaging May Vary","number":7},
	{"id":64,"date":"2018-07-11 13:20","type":0,"sum":"245.31","item":"Burberry Mr Burberry Eau De Parfum, 1.7 Fl. oz.","number":17},
	{"id":65,"date":"2018-07-10 14:13","type":0,"sum":"240.74","item":"Brooch Greeting Card-Sister w/Flower Pin (Card is 4.5 x 3.5 Pin 1'')","number":4},
	{"id":66,"date":"2018-07-9 14:26","type":0,"sum":"230.92","item":"Tru Beauty Titanium Flat Iron, Professional Hair Straightener, 1 Inch Iron Plates, Adjustable Temperature Control, Straightens and Curls","number":36},
	{"id":67,"date":"2018-07-8 22:31","type":1,"sum":"215.49","item":"Rivet Modern Hand-Woven Stripe Fringe Throw Blanket, 50'' x 60'', Charcoal","number":43},
	{"id":68,"date":"2018-07-7 17:03","type":1,"sum":"377.78","item":"Guinness Gravity Pint Glass (2 Pack)","number":24},
	{"id":69,"date":"2018-07-6 03:00","type":0,"sum":"76.83","item":"Amazon Cloud Cam Security Camera, Works with Alexa","number":27},
	{"id":70,"date":"2018-07-5 11:27","type":1,"sum":"73.61","item":"Cinder Block Gardens","number":37},
	{"id":71,"date":"2018-07-4 16:17","type":1,"sum":"394.43","item":"Round Ireland with a Fridge","number":46},
	{"id":72,"date":"2018-07-3 21:18","type":1,"sum":"116.06","item":"Beautify Beauties Detangling Hair Brush Classic Metallic Best Hair Brush for Women, Men and Children, Black","number":20},
	{"id":73,"date":"2018-07-2 11:16","type":1,"sum":"174.18","item":"J&L Glasses Retro Flip-Up Round Goggles Seampunk Sunglasses","number":1},
	{"id":74,"date":"2018-07-1 03:02","type":1,"sum":"70.10","item":"How To Tie!! Hair Wing Flies","number":41},
	{"id":75,"date":"2018-06-30 15:02","type":0,"sum":"234.26","item":"The Art of Hoodoo Candle Magic in Rootwork, Conjure, and Spiritual Church Services","number":40},
	{"id":76,"date":"2018-06-29 03:07","type":1,"sum":"19.48","item":"Complete Care for Your Aging Cat","number":8},
	{"id":77,"date":"2018-06-28 10:11","type":1,"sum":"269.31","item":"It's Not About the Broccoli: Three Habits to Teach Your Kids for a Lifetime of Healthy Eating","number":13},
	{"id":78,"date":"2018-06-27 04:12","type":1,"sum":"88.95","item":"My First Shoe Book: With a Practice Shoelace and Easy-to-Follow Instructions (Tiny Tots)","number":2},
	{"id":79,"date":"2018-06-26 20:12","type":0,"sum":"239.91","item":"Exquisite Bowknot Bridal Lace Gloves","number":21},
	{"id":80,"date":"2018-06-25 16:03","type":1,"sum":"237.75","item":"The UX Book: Process and Guidelines for Ensuring a Quality User Experience","number":19},
	{"id":81,"date":"2018-06-24 06:12","type":1,"sum":"55.54","item":"Square Aviator Flat Top Oversized Huge Large Big Frame Women Sunglasses","number":22},
	{"id":82,"date":"2018-06-23 22:19","type":1,"sum":"147.53","item":"Harperton Nail Clipper Set - Fingernail and Toenail Clipper","number":31},
	{"id":83,"date":"2018-06-22 06:14","type":0,"sum":"85.72","item":"CoolToys Custom Take-A-Part Car Playset – Race Car with Electric Play Drill and Car Modification Pieces","number":42},
	{"id":84,"date":"2018-06-21 05:42","type":1,"sum":"304.44","item":"Helmets and Lipstick: An Army Nurse in World War Two","number":33},
	{"id":85,"date":"2018-06-20 09:58","type":1,"sum":"345.00","item":"Rising Out of Hatred: The Awakening of a Former White Nationalist","number":44},
	{"id":86,"date":"2018-06-19 13:15","type":0,"sum":"302.30","item":"Book of Sticky Notes: Stuff I Need to Do - Brights","number":32},
	{"id":87,"date":"2018-06-18 16:13","type":1,"sum":"353.53","item":"Rubber Band Engineer: Build Slingshot Powered Rockets, Rubber Band Rifles, Unconventional Catapults, and More Guerrilla Gadgets from Household Hardware","number":15},
	{"id":88,"date":"2018-06-17 17:47","type":1,"sum":"403.06","item":"Take Three Colours: Watercolour Seascapes: Start to paint with 3 colours, 3 brushes and 9 easy projects","number":18},
	{"id":89,"date":"2018-06-16 03:21","type":0,"sum":"362.00","item":"Knits for kids and teddies too","number":9},
	{"id":90,"date":"2018-06-15 06:46","type":1,"sum":"159.14","item":"Tilly and the Buttons: Stretch!: Make Yourself Comfortable Sewing with Knit Fabrics","number":50},
	{"id":91,"date":"2018-06-14 02:29","type":1,"sum":"187.06","item":"Dress-to-Impress Knitted Boot Cuffs & Leg Warmers: 25 Fun to Wear Designs","number":25},
	{"id":92,"date":"2018-06-13 12:54","type":0,"sum":"342.59","item":"A Pair of Silk Stockings and Other Short Stories (Dover Thrift Editions)","number":34},
	{"id":93,"date":"2018-06-12 14:11","type":1,"sum":"226.73","item":"Sheiner's Floor Cleaner Concentrate, All Purpose Household Cleaning Solution and Multi Surface Mopping Liquid, Lavender Scent","number":6},
	{"id":94,"date":"2018-06-11 03:12","type":1,"sum":"393.77","item":"Selner Medical Solutions ClearNail Pro + Toenail and Fingernail Restorer 0.33 fl. oz.","number":49},
	{"id":95,"date":"2018-06-10 00:55","type":1,"sum":"27.02","item":"WinZo WZ5059 Dual Cyclone Elongated ADA One Piece Toilet with Soft Closing Seat, Comfort Height, Water Sense","number":26},
	{"id":96,"date":"2018-06-09 05:47","type":1,"sum":"128.66","item":"Pack of 15 - Stainless Steel Extra-Fine 6.7 Inches Hard to Bend Table Teaspoon with Scalloped Edge","number":30},
	{"id":97,"date":"2018-06-08 04:16","type":1,"sum":"344.84","item":"RPJC 11x14 inch Picture Frames Made of Solid Wood and High Definition Glass Display Pictures 8x10 with Mat","number":48},
	{"id":98,"date":"2018-06-07 02:42","type":1,"sum":"133.55","item":"Atomi Desktop USB/Charge Outlet Surge Protector, Silver","number":47},
	{"id":99,"date":"2018-06-06 02:57","type":1,"sum":"187.92","item":"The Monitor: Civil War Battleship, Level 4","number":10},
	{"id":100,"date":"2018-06-05 20:20","type":1,"sum":"288.01","item":"The Cookie Jar (Memories in the Making Series)","number":35},
	{"id":101,"date":"2018-05-24 11:54","type":1,"sum":"28.91","item":"Audio-Technica ATH-M50x Professional Studio Monitor Headphones, Black","number":14},
	{"id":102,"date":"2018-05-23 00:16","type":1,"sum":"766.40","item":"Radio Flyer Classic Walker WAGON","number":11},
	{"id":103,"date":"2018-05-22 19:10","type":1,"sum":"142.34","item":"EnMotion Compatible High Capacity Paper Towels, 10'' x 800' Roll, White, (6 Rolls of approx. 800')","number":28},
	{"id":104,"date":"2018-05-21 20:09","type":1,"sum":"53.84","item":"The Flame of Olympus (Pegasus Book 1)","number":38},
	{"id":105,"date":"2018-05-20 06:19","type":1,"sum":"120.77","item":"Jovi Plastilina Reusable and Non-Drying Modeling Clay; 1.75 oz. Bars, Set of 30, 2 Each of 15 Colors, Perfect for Arts and Crafts Projects","number":12},
	{"id":106,"date":"2018-05-19 14:36","type":1,"sum":"239.87","item":"Joy-Leo Gift Edition Multi-Function Portable Fingernail Clippers (5-in-1) for Travel, with Black Gift Box and Key Ring","number":5},
	{"id":107,"date":"2018-05-18 12:26","type":1,"sum":"104.15","item":"Coca Cola Coke Soda Can Diversion Stash Safe Model: Office Supply Store by Office Supply Store","number":39},
	{"id":108,"date":"2018-05-17 18:22","type":0,"sum":"147.55","item":"PetSpy Premium Dog Training Shock Collar for Dogs with Vibration, Shock and Beep, Rechargeable and Waterproof E-Collar","number":23},
	{"id":109,"date":"2018-05-16 05:43","type":0,"sum":"53.17","item":"LERDU Ladies Gift Idea Cashmere Pashmina Scarf Fashion Warm Wool Wrap Shawl Winter Stole for Women","number":3},
	{"id":110,"date":"2018-05-15 02:18","type":1,"sum":"148.80","item":"Craft and Party Polyester Tablecloth 90'' Round (Ivory)","number":45},
	{"id":111,"date":"2018-05-14 21:09","type":1,"sum":"362.92","item":"Slim Money Clip Wallet EDC Front Pocket Card Holder Minimalist RFID Sleeve Wallet","number":29},
	{"id":112,"date":"2018-05-13 05:50","type":1,"sum":"99.15","item":"Novelty Funny Art Crew Socks for Men Colorful Cute Animal Crazy Food Cotton Dress Socks","number":16},
	{"id":113,"date":"2018-05-12 19:08","type":1,"sum":"21.86","item":"Tide PODS 3 in 1 HE Turbo Laundry Detergent Pacs, Spring Meadow Scent, 81 Count Tub - Packaging May Vary","number":7},
	{"id":114,"date":"2018-05-11 13:20","type":0,"sum":"245.31","item":"Burberry Mr Burberry Eau De Parfum, 1.7 Fl. oz.","number":17},
	{"id":115,"date":"2018-05-10 14:13","type":0,"sum":"240.74","item":"Brooch Greeting Card-Sister w/Flower Pin (Card is 4.5 x 3.5 Pin 1'')","number":4},
	{"id":116,"date":"2018-05-9 14:26","type":0,"sum":"230.92","item":"Tru Beauty Titanium Flat Iron, Professional Hair Straightener, 1 Inch Iron Plates, Adjustable Temperature Control, Straightens and Curls","number":36},
	{"id":117,"date":"2018-05-8 22:31","type":1,"sum":"215.49","item":"Rivet Modern Hand-Woven Stripe Fringe Throw Blanket, 50'' x 60'', Charcoal","number":43},
	{"id":118,"date":"2018-05-7 17:03","type":1,"sum":"377.78","item":"Guinness Gravity Pint Glass (2 Pack)","number":24},
	{"id":119,"date":"2018-05-6 03:00","type":0,"sum":"76.83","item":"Amazon Cloud Cam Security Camera, Works with Alexa","number":27},
	{"id":120,"date":"2018-05-5 11:27","type":1,"sum":"73.61","item":"Cinder Block Gardens","number":37},
	{"id":121,"date":"2018-05-4 16:17","type":1,"sum":"394.43","item":"Round Ireland with a Fridge","number":46},
	{"id":122,"date":"2018-05-3 21:18","type":1,"sum":"116.06","item":"Beautify Beauties Detangling Hair Brush Classic Metallic Best Hair Brush for Women, Men and Children, Black","number":20},
	{"id":123,"date":"2018-05-2 11:16","type":1,"sum":"174.18","item":"J&L Glasses Retro Flip-Up Round Goggles Seampunk Sunglasses","number":1},
	{"id":124,"date":"2018-05-1 03:02","type":1,"sum":"70.10","item":"How To Tie!! Hair Wing Flies","number":41},
	{"id":125,"date":"2018-04-30 15:02","type":0,"sum":"234.26","item":"The Art of Hoodoo Candle Magic in Rootwork, Conjure, and Spiritual Church Services","number":40},
	{"id":126,"date":"2018-04-29 03:07","type":1,"sum":"19.48","item":"Complete Care for Your Aging Cat","number":8},
	{"id":127,"date":"2018-04-28 10:11","type":1,"sum":"269.31","item":"It's Not About the Broccoli: Three Habits to Teach Your Kids for a Lifetime of Healthy Eating","number":13},
	{"id":128,"date":"2018-04-27 04:12","type":1,"sum":"88.95","item":"My First Shoe Book: With a Practice Shoelace and Easy-to-Follow Instructions (Tiny Tots)","number":2},
	{"id":129,"date":"2018-04-26 20:12","type":0,"sum":"239.91","item":"Exquisite Bowknot Bridal Lace Gloves","number":21},
	{"id":130,"date":"2018-04-25 16:03","type":1,"sum":"237.75","item":"The UX Book: Process and Guidelines for Ensuring a Quality User Experience","number":19},
	{"id":131,"date":"2018-04-24 06:12","type":1,"sum":"55.54","item":"Square Aviator Flat Top Oversized Huge Large Big Frame Women Sunglasses","number":22},
	{"id":132,"date":"2018-04-23 22:19","type":1,"sum":"147.53","item":"Harperton Nail Clipper Set - Fingernail and Toenail Clipper","number":31},
	{"id":133,"date":"2018-04-22 06:14","type":0,"sum":"85.72","item":"CoolToys Custom Take-A-Part Car Playset – Race Car with Electric Play Drill and Car Modification Pieces","number":42},
	{"id":134,"date":"2018-04-21 05:42","type":1,"sum":"304.44","item":"Helmets and Lipstick: An Army Nurse in World War Two","number":33},
	{"id":135,"date":"2018-04-20 09:58","type":1,"sum":"345.00","item":"Rising Out of Hatred: The Awakening of a Former White Nationalist","number":44},
	{"id":136,"date":"2018-04-19 13:15","type":0,"sum":"302.30","item":"Book of Sticky Notes: Stuff I Need to Do - Brights","number":32},
	{"id":137,"date":"2018-04-18 16:13","type":1,"sum":"353.53","item":"Rubber Band Engineer: Build Slingshot Powered Rockets, Rubber Band Rifles, Unconventional Catapults, and More Guerrilla Gadgets from Household Hardware","number":15},
	{"id":138,"date":"2018-04-17 17:47","type":1,"sum":"403.06","item":"Take Three Colours: Watercolour Seascapes: Start to paint with 3 colours, 3 brushes and 9 easy projects","number":18},
	{"id":139,"date":"2018-04-16 03:21","type":0,"sum":"362.00","item":"Knits for kids and teddies too","number":9},
	{"id":140,"date":"2018-04-15 06:46","type":1,"sum":"159.14","item":"Tilly and the Buttons: Stretch!: Make Yourself Comfortable Sewing with Knit Fabrics","number":50},
	{"id":141,"date":"2018-04-14 02:29","type":1,"sum":"187.06","item":"Dress-to-Impress Knitted Boot Cuffs & Leg Warmers: 25 Fun to Wear Designs","number":25},
	{"id":142,"date":"2018-04-13 12:54","type":0,"sum":"342.59","item":"A Pair of Silk Stockings and Other Short Stories (Dover Thrift Editions)","number":34},
	{"id":143,"date":"2018-04-12 14:11","type":1,"sum":"226.73","item":"Sheiner's Floor Cleaner Concentrate, All Purpose Household Cleaning Solution and Multi Surface Mopping Liquid, Lavender Scent","number":6},
	{"id":144,"date":"2018-04-11 03:12","type":1,"sum":"393.77","item":"Selner Medical Solutions ClearNail Pro + Toenail and Fingernail Restorer 0.33 fl. oz.","number":49},
	{"id":145,"date":"2018-04-10 00:55","type":1,"sum":"27.02","item":"WinZo WZ5059 Dual Cyclone Elongated ADA One Piece Toilet with Soft Closing Seat, Comfort Height, Water Sense","number":26},
	{"id":146,"date":"2018-04-09 05:47","type":1,"sum":"128.66","item":"Pack of 15 - Stainless Steel Extra-Fine 6.7 Inches Hard to Bend Table Teaspoon with Scalloped Edge","number":30},
	{"id":147,"date":"2018-04-08 04:16","type":1,"sum":"344.84","item":"RPJC 11x14 inch Picture Frames Made of Solid Wood and High Definition Glass Display Pictures 8x10 with Mat","number":48},
	{"id":148,"date":"2018-04-07 02:42","type":1,"sum":"133.55","item":"Atomi Desktop USB/Charge Outlet Surge Protector, Silver","number":47},
	{"id":149,"date":"2018-04-06 02:57","type":1,"sum":"187.92","item":"The Monitor: Civil War Battleship, Level 4","number":10},
	{"id":150,"date":"2018-04-05 20:20","type":1,"sum":"288.01","item":"The Cookie Jar (Memories in the Making Series)","number":35}
]