[
	{
		"id": 1,
		"Uname": "SunCoast",
		"charter_num": "123",
		"vendor_id": "6789",
		"sftp_flag": 1,
		"activation_btn":1,
		"freeze_flag":0,
		"invoice_audit":0,
		"acct_manager": "Jeff Jhonson",
		"acct_manager_email": "jjhonson@trellance.com",
		"aws_url": "suncoastcu.trellance.cloud",
		"aws_acct_id": "suncoast_fcu_1006@trellance.cloud",
		"admin": "admin",
		"admin_email": "Tshrut@gmail.com",
		"admin_phone": "813-888-5433",
		"num_cuu_provisioned": "23",
		"notes": "Two things you'll never forget about"
	},
	{
		"id": 2,
		"Uname": "Heritage Valley",
		"charter_num": "303",
		"vendor_id": "1869",
		"sftp_flag": 1,
		"activation_btn":1,
		"freeze_flag":0,
		"invoice_audit":0,
		"acct_manager": "Jeff Jhonson",
		"acct_manager_email": "jjhonson@trellance.com",
		"aws_url": "heritagevalleyfcu.trellance.cloud",
		"aws_acct_id": "heritagevalley_cu_1005@trellance.cloud",
		"admin": "admin",
		"admin_email": "ironsafeadmin@heritagevalleyfcu.com",
		"admin_phone": "727-100-1000",
		"num_cuu_provisioned": "5",
		"notes": "Two things you'll never forget about Tommie Shurtleff: he is witty and courteous. Of course he's also caring, humble and discreet, but those are often overshadowed by tendencies of being deceitful as well. His wit though, this is what he is so well-liked for. Friends usually count on this and his heroic nature especially when they need comforting or support."
	},
	{
		"id": 3,
		"Uname": "Directions",
		"charter_num": "60978",
		"vendor_id": "192",
		"sftp_flag": 1,
		"activation_btn":1,
		"freeze_flag":0,
		"invoice_audit":0,
		"acct_manager": "Jeff Jhonson",
		"acct_manager_email": "jjhonson@trellance.com",
		"aws_url": "directionscu.trellance.cloud",
		"aws_acct_id": "directions_cu_1003@trellance.cloud",
		"admin": "admin",
		"admin_email": "admin@trellance.com",
		"admin_phone": "888-888-8886",
		"num_cuu_provisioned": "5",
		"notes": "Two things you'll never forget about Tommie Shurtleff: he is witty and courteous. Of course he's also caring, humble and discreet, but those are often overshadowed by tendencies of being deceitful as well. His wit though, this is what he is so well-liked for. Friends usually count on this and his heroic nature especially when they need comforting or support."
	},
	{
		"id": 4,
		"Uname": "Andigo",
		"charter_num": "9043",
		"vendor_id": "9043",
		"sftp_flag": 1,
		"activation_btn":1,
		"freeze_flag":0,
		"invoice_audit":0,
		"acct_manager": "Jeff Jhonson",
		"acct_manager_email": "jjhonson@trellance.com",
		"aws_url": "andingo.trellance.cloud",
		"aws_acct_id": "andingo_cu_1001@trellance.com",
		"admin": "admin",
		"admin_email": "jsessions@andingo.com",
		"admin_phone": "888-312-8885",
		"num_cuu_provisioned": "7",
		"notes": "Two things you'll never forget about Tommie Shurtleff: he is witty and courteous. Of course he's also caring, humble and discreet, but those are often overshadowed by tendencies of being deceitful as well. His wit though, this is what he is so well-liked for. Friends usually count on this and his heroic nature especially when they need comforting or support."
	}
]